id,platform,title,content,tickers,submitted_at,keywords
24,Yahoo Finance 台灣,外資爆千億提款潮！台股大屠殺要來了？專家揭「唯一曙光」,"",{},2026-03-22 20:10:00.138435,{}
25,Yahoo Finance 台灣,逢高出清！「國家隊」狂砍3檔主動式ETF破1.3萬張　00878、00929、00940同遭提款4.7億,"",{},2026-03-22 20:10:00.138435,{etf}
26,Yahoo Finance 台灣,房市管制微鬆綁  金管會：銀行須落實風險控管,"",{},2026-03-22 20:10:00.138435,{}
27,Yahoo Finance 台灣,南韓打房再出招！　李在明：持有多房官員「禁止參與房市政策」,"",{},2026-03-22 20:10:00.138435,{}
28,Yahoo Finance 台灣,債券ETF免證交稅擬延長10年 估逾200萬人受惠,"",{},2026-03-22 20:10:00.138435,{etf}
29,Yahoo Finance 台灣,三大法人賣超台股1702億！面板雙虎受傷深　群創單週遭砍15.5萬張淌血43億元,"",{},2026-03-22 20:10:00.138435,{}
30,Yahoo Finance 台灣,央行限貸令微解封！房市復活起飛？兩大房仲龍頭「信義永慶」分析一次看,"",{},2026-03-22 20:10:00.138435,{}
31,Yahoo Finance 台灣,台股狂震！外資猛砸5.35億敲進「這3檔」主動式ETF　00929、00940也獲青睞入手1.8萬張,"",{},2026-03-22 20:10:00.138435,{etf}
32,Yahoo Finance 台灣,春季徵才企業博覽會桃園登場 張善政鼓勵青年學子順利開展職涯,"",{},2026-03-22 20:10:00.138435,{}
33,Yahoo Finance 台灣,央行微鬆綁信用管制！解凍房市效益有限？李同榮：還是會像一攤死水,"",{},2026-03-22 20:10:00.138435,{}
34,Yahoo Finance 台灣,【神山股民3】到底誰在賣？只有這身份股東持續退場,"",{},2026-03-22 20:10:00.138435,{}
35,Yahoo Finance 台灣,【神山股民2】195萬零股股東到底持有多少台積電股票？ 破4300億元,"",{},2026-03-22 20:10:00.138435,{}
36,Yahoo Finance 台灣,【神山股民1】魏哲家二年成績單！台積電股東改寫246萬人新高,"",{},2026-03-22 20:10:00.138435,{}
37,Yahoo Finance 台灣,【虎航股東會紀念品2】虎航算盤得打得精？ 800元回饋金有機會帶來13億元業績,"",{},2026-03-22 20:10:00.138435,{}
38,Yahoo Finance 台灣,【虎航股東會紀念品1】花53元買一股可拿800元回饋！虎航股東人數暴衝4倍二周增10萬人,"",{},2026-03-22 20:10:00.138435,{}
39,Yahoo Finance 台灣,【499之亂落幕2】5G接棒上場？台灣5G滲透率站穩4成 這家破44%居三雄之冠,"",{},2026-03-22 20:10:00.138435,{}
40,Yahoo Finance 台灣,【499之亂落幕1】4G低價吃到飽退場用戶怎麼辦？通訊達人教戰自救5妙招,"",{},2026-03-22 20:10:00.138435,{}
41,Yahoo Finance 台灣,台積電很爆肝？魏哲家駁：醫生才是 但我們罰款全國第七很丟臉,"",{},2026-03-22 20:10:00.138435,{}
42,Yahoo Finance 台灣,魏哲家猛電「中國機器人蹦蹦跳」！謝金河見「一票人狂罵」揭驚人內幕,"",{},2026-03-22 20:10:00.138435,{}
43,Yahoo Finance 台灣,川普「一念之間」台股恐被血洗？美股連跌4週殺破年線　阮慕驊示警：留意「肥尾效應」,"",{},2026-03-22 20:10:00.138435,{}
44,Yahoo Finance 台灣,川普「開戰序章曝光」台股開盤抖了？專家警「1效應恐來襲」,"",{},2026-03-22 20:10:00.138435,{}
45,Yahoo Finance 台灣,專家點1檔ETF「買了就忘記它」每月1萬可滾出2000萬,"",{},2026-03-22 20:10:00.138435,{etf}
46,Yahoo Finance 台灣,外資砍評南亞科、華邦電！大咖投顧逆勢喊買　最新目標價、EPS曝光,"",{},2026-03-22 20:10:00.138435,{eps}
47,Yahoo Finance 台灣,無聊賺錢術2／每月1萬滾成2000萬　郝旭烈：機械式買這檔ETF然後忘記它,"",{},2026-03-22 20:10:00.138435,{etf}
48,Yahoo Finance 台灣,遭逼賤賣攤位　必比登滷味老闆收「AB版判決」追真相,"",{},2026-03-22 20:10:00.138435,{}
49,CNN Business,The Pentagon’s press crackdown meets some real resistance,"",{},2026-03-22 20:10:00.138435,"{pentagon,press,crackdown,meets,some,real,resistance}"
50,CNN Business,A ‘bridge fund’ buys time for public media — but it may not be enough,"",{},2026-03-22 20:10:00.138435,"{bridge,fund,buys,time,public,media,may,not,enough}"
51,CNN Business,"Claiming new tax breaks for tips, overtime, seniors or car loan interest? Mind the fine print","",{},2026-03-22 20:10:00.138435,"{claiming,new,tax,breaks,tips,overtime,seniors,car,loan,interest}"
52,CNN Business,‘Those days are over’: These business owners say they can’t raise prices even if they wanted to,"",{},2026-03-22 20:10:00.138435,"{they,those,days,over,these,business,owners,say,can,raise}"
53,CNN Business,The Strait of Hormuz is about more than just oil. It feeds 100 million people,"",{},2026-03-22 20:10:00.138435,"{strait,hormuz,about,more,than,just,oil,feeds,million,people}"
54,CNN Business,"Elon Musk misled Twitter shareholders ahead of acquisition in 2022, jury finds","",{2022},2026-03-22 20:10:00.138435,"{elon,musk,misled,twitter,shareholders,ahead,acquisition,jury,finds}"
55,CNN Business,Gold just had its worst week since 1983,"",{1983},2026-03-22 20:10:00.138435,"{gold,just,worst,week,since}"
56,CNN Business,Nashville immigration reporter Estefany Rodríguez released from ICE custody,"",{},2026-03-22 20:10:00.138435,"{nashville,immigration,reporter,estefany,rodr,guez,released,ice,custody}"
57,CNN Business,Your tax refund is likely bigger this year. But Trump’s war with Iran could take a bite out of it,"",{},2026-03-22 20:10:00.138435,"{your,tax,refund,likely,bigger,year,trump,war,iran,could}"
58,CNN Business,"Stocks, bonds and gold slump while Iran war rages","",{},2026-03-22 20:10:00.138435,"{stocks,bonds,gold,slump,while,iran,war,rages}"
59,CNN Business,The White House just laid out how it wants to regulate AI,"",{},2026-03-22 20:10:00.138435,"{white,house,just,laid,out,how,wants,regulate}"
60,CNN Business,"CBS News lays off 6% of staff and shutters radio division, kickstarting a Bari Weiss-led overhaul","",{},2026-03-22 20:10:00.138435,"{cbs,news,lays,off,staff,shutters,radio,division,kickstarting,bari}"
61,CNN Business,Global oil price stuck in triple digits. Goldman Sachs says it may stay there for years,"",{},2026-03-22 20:10:00.138435,"{global,oil,price,stuck,triple,digits,goldman,sachs,says,may}"
62,CNN Business,America started a war. The economic pain will be borne by countries that never asked for it,"",{},2026-03-22 20:10:00.138435,"{america,started,war,economic,pain,will,borne,countries,never,asked}"
63,CNN Business,Nexstar says it has acquired Tegna as state AGs push to block the merger,"",{},2026-03-22 20:10:00.138435,"{nexstar,says,acquired,tegna,state,ags,push,block,merger}"
64,CNN Business,Trump’s promised ‘manufacturing boom’ couldn’t save these Whirlpool jobs,"",{},2026-03-22 20:10:00.138435,"{trump,promised,manufacturing,boom,couldn,save,these,whirlpool,jobs}"
65,CNN Business,Oil and natural gas prices are volatile following strikes on Middle East energy hubs,"",{},2026-03-22 20:10:00.138435,"{oil,natural,gas,prices,volatile,following,strikes,middle,east,energy}"
66,CNN Business,Epstein ties present potential hurdle for Trump’s Fed chair nominee,"",{},2026-03-22 20:10:00.138435,"{epstein,ties,present,potential,hurdle,trump,fed,chair,nominee}"
67,CNN Business,Mortgage rates climb to highest level in more than 3 months as Iran war reignites inflation fears,"",{},2026-03-22 20:10:00.138435,"{mortgage,rates,climb,highest,level,more,than,months,iran,war}"
68,CNN Business,What strikes on the world’s largest natural gas sites could do to the global economy,"",{},2026-03-22 20:10:00.138435,"{what,strikes,world,largest,natural,gas,sites,could,global,economy}"
69,CNN Business,The most important economic question about Iran is one Trump can’t answer,"",{},2026-03-22 20:10:00.138435,"{most,important,economic,question,about,iran,one,trump,can,answer}"
70,CNN Business,Even Jerome Powell doesn’t know what’s going on with the economy,"",{},2026-03-22 20:10:00.138435,"{even,jerome,powell,doesn,know,what,going,economy}"
71,CNN Business,Compass drops lawsuit against Zillow over how some homes are marketed online,"",{},2026-03-22 20:10:00.138435,"{compass,drops,lawsuit,against,zillow,over,how,some,homes,marketed}"
72,CNN Business,Mortgage rates climb to 6.11% as Iran war roils markets,"",{},2026-03-22 20:10:00.138435,"{mortgage,rates,climb,iran,war,roils,markets}"
73,CNN Business,How the Strategic Petroleum Reserve works and why the US is tapping it now,"",{},2026-03-22 20:10:00.138435,"{how,strategic,petroleum,reserve,works,why,tapping,now}"
74,Yahoo Finance 台灣,法人千億銀彈進場 正2爆量跟台股一起飛,"",{},2026-08-06 00:53:19.909658,{}
75,Yahoo Finance 台灣,單季賺逾4個股本 信驊重金入股M31,"",{},2026-08-06 00:53:19.909658,{}
76,Yahoo Finance 台灣,交屋潮碰上青安3.0 營建股要起飛？,"",{},2026-08-06 00:53:19.909658,{}
77,Yahoo Finance 台灣,外資7月搬走280億美元 央行出手穩匯,"",{},2026-08-06 00:53:19.909658,{}
78,Yahoo Finance 台灣,散熱龍頭大發現金股利 每股20.88元,"",{},2026-08-06 00:53:19.909658,{}
79,Yahoo Finance 台灣,同期第四！外資7月淨匯出930億元 累計賣超1.4兆史上之最,"",{},2026-08-06 00:53:19.909658,{}
80,Yahoo Finance 台灣,首度衝破9000億！鴻海7月營收9465億元 年增54%,"",{},2026-08-06 00:53:19.909658,{}
81,Yahoo Finance 台灣,全家上半年賺逾8億元！每股獲利3.69元創同期次高,"",{},2026-08-06 00:53:19.909658,{}
82,Yahoo Finance 台灣,英業達7月營收901億元 月減1成仍改寫歷史次高,"",{},2026-08-06 00:53:19.909658,{}
83,Yahoo Finance 台灣,研華法說》在手訂單強勁！第三季營收可望再攀峰,"",{},2026-08-06 00:53:19.909658,{}
84,Yahoo Finance 台灣,法人千億銀彈進場 正2爆量跟台股一起飛7 小時前,"",{},2026-08-06 00:53:19.909658,{}
85,Yahoo Finance 台灣,兩大權值股咋選？杜金龍一句話點醒投資人：大跌買台積電，反彈換聯發科52 分鐘前,"",{},2026-08-06 00:53:19.909658,{}
86,Yahoo Finance 台灣,台股反彈碰壁？杜金龍揭「關鍵成交量」：沒過這數字就是盤整,"",{},2026-08-06 00:53:19.909658,{}
87,Yahoo Finance 台灣,主動ETF大舉買超122億！重押「這載板大廠」32億、加碼台積電27億　國巨上榜網驚：要回800了,"",{},2026-08-06 00:53:19.909658,{etf}
88,Yahoo Finance 台灣,台股又要崩盤？專家急揭「2大警訊」：人氣股已開始軟腳,"",{},2026-08-06 00:53:19.909658,{}
89,Yahoo Finance 台灣,杜金龍公開6檔逢低買進私房名單！曝台積電守住「這價位」才有戲,"",{},2026-08-06 00:53:19.909658,{}
90,Yahoo Finance 台灣,美股早盤輝達奮起！台積電ADR勁揚2%,"",{},2026-08-06 00:53:19.909658,{adr}
91,Yahoo Finance 台灣,慘跌破12元！台股大漲1250點「這檔」卻成刀下魂淪弱勢股王　台灣大、國票金也入列,"",{},2026-08-06 00:53:19.909658,{}
92,Yahoo Finance 台灣,美股開盤全面走高！道瓊狂飆逾420點　輝達勁揚3%、台積電ADR續強,"",{},2026-08-06 00:53:19.909658,{adr}
93,Yahoo Finance 台灣,主動ETF大舉買超122億！重押「這載板大廠」32億、加碼台積電27億　國巨上榜網驚：要回800了2 小時前,"",{},2026-08-06 00:53:19.909658,{etf}
94,Yahoo Finance 台灣,美股飆漲不追高！台股連3紅他轉押0050　網質疑進場時機：跌時不買現在追,"",{},2026-08-06 00:53:19.909658,{}
95,Yahoo Finance 台灣,8月除息台股ETF 息利雙收最可期,"",{},2026-08-06 00:53:19.909658,{etf}
96,Yahoo Finance 台灣,債券ETF還能抱嗎？升息風險升高 專家揭3大布局方向靈活應對,"",{},2026-08-06 00:53:19.909658,{etf}
97,Yahoo Finance 台灣,他握3檔ETF全賺錢卻因「1理由」想出清！內行揭致命傷,"",{},2026-08-06 00:53:19.909658,{etf}
98,Yahoo Finance 台灣,南韓散戶對槓桿信仰堅貞　還成美股槓桿型ETF最大海外買家　長抱納斯達克100正3作為長線核心配置｜鏡轉全球｜#鏡新聞,"",{},2026-08-06 00:53:19.909658,{etf}
99,CNN Business,Disney and TikTok strike deal to let creators make videos with its famous characters,"",{},2026-08-06 00:53:19.909658,"{disney,tiktok,strike,deal,let,creators,make,videos,famous,characters}"
100,CNN Business,Kevin Warsh has little to say about interest rates. But he has plenty to say about AI,"",{},2026-08-06 00:53:19.909658,"{say,about,kevin,warsh,little,interest,rates,plenty}"
101,CNN Business,Corporate America got billions of dollars in tariff refunds. Where’s your cut?,"",{},2026-08-06 00:53:19.909658,"{corporate,america,got,billions,dollars,tariff,refunds,where,your,cut}"
102,CNN Business,SpaceX beats expectations in first earnings as a public company,"",{},2026-08-06 00:53:19.909658,"{spacex,beats,expectations,first,earnings,public,company}"
103,CNN Business,What the Cracker Barrel rage spiral was actually about,"",{},2026-08-06 00:53:19.909658,"{what,cracker,barrel,rage,spiral,actually,about}"
104,CNN Business,Influencing looks like the new American Dream for young people. Universities are taking advantage,"",{},2026-08-06 00:53:19.909658,"{influencing,looks,like,new,american,dream,young,people,universities,taking}"
105,CNN Business,AI data centers have become sitting ducks in the Iran warBy David Goldman,"",{},2026-08-06 00:53:19.909658,"{data,centers,become,sitting,ducks,iran,warby,david,goldman}"
106,CNN Business,"‘Difficult’ to be hopeful: How people survive under one of the worst inflation rates in the countryInflation is still hurting many working families nationwide, but in metro areas like Seattle, the pain is even more acute.","",{},2026-08-06 00:53:19.909658,"{difficult,hopeful,how,people,survive,under,one,worst,inflation,rates}"
107,CNN Business,‘The time is now’: Investors gear up to enter Venezuela despite enormous risksSome foreign oil companies and investment firms are moving to invest or expand their existing operations in Venezuela under acting President Rodríguez.,"",{},2026-08-06 00:53:19.909658,"{venezuela,time,now,investors,gear,enter,despite,enormous,riskssome,foreign}"
108,CNN Business,Here we go again. Why oil keeps tumbling even when the Iran war drags onSound familiar? A pause in fighting between the United States and Iran has given oil traders hope that a diplomatic resolution could restart the flow of oil traffic out of the Middle East.,"",{},2026-08-06 00:53:19.909658,"{oil,iran,here,again,why,keeps,tumbling,even,when,war}"
109,CNN Business,"I was kicked off my family phone plan. You could be nextAug 1, 2026","",{2026},2026-08-06 00:53:19.909658,"{kicked,off,family,phone,plan,you,could,nextaug}"
110,CNN Business,"Mortgage rates climb to highest level in a yearJul 30, 2026","",{2026},2026-08-06 00:53:19.909658,"{mortgage,rates,climb,highest,level,yearjul}"
111,CNN Business,"The S&P 500 is back at a record high and the Dow just hit 54,000Aug 4, 2026","",{2026},2026-08-06 00:53:19.909658,"{back,record,high,dow,just,hit,aug}"
112,CNN Business,The war with Iran has become a battle about a tollbooth. Free seas are at riskBy Hanna Ziady and David Goldman,"",{},2026-08-06 00:53:19.909658,"{war,iran,become,battle,about,tollbooth,free,seas,riskby,hanna}"
113,CNN Business,"Exxon made $160 million per day last quarter as oil prices surgedJul 31, 2026ExxonMobil and Chevron, the two biggest US oil companies, reported gangbusters profits driven by the spike in global oil prices unleashed by the US-Iran war.","",{},2026-08-06 00:53:19.909658,"{oil,prices,exxon,made,million,per,day,last,quarter,surgedjul}"
114,CNN Business,"Quills and conflict: How protection in the Strait of Hormuz is bought and soldJul 10, 2026Inside a futuristic building in central London, leather-bound tomes contain quill-and-ink records of vessels lost at sea over the past 250 years.","",{},2026-08-06 00:53:19.909658,"{quills,conflict,how,protection,strait,hormuz,bought,soldjul,inside,futuristic}"
115,CNN Business,"Trump is playing with economic fire by calling the peace deal with Iran ‘over’Jul 8, 2026Three weeks of fragile peace bought President Donald Trump some time and leverage over Iran. But not too much.","",{},2026-08-06 00:53:19.909658,"{trump,peace,iran,over,playing,economic,fire,calling,deal,jul}"
116,CNN Business,I’ve spent years studying economic data. These Americans taught me what ‘affordability’ really meansBy Phil Mattingly,"",{},2026-08-06 00:53:19.909658,"{spent,years,studying,economic,data,these,americans,taught,what,affordability}"
117,CNN Business,"AI is making your life more expensive. Here’s howJul 28, 2026AI is raising prices for Americans – and not just electricity bills.","",{},2026-08-06 00:53:19.909658,"{making,your,life,more,expensive,here,howjul,raising,prices,americans}"
118,CNN Business,"A new law limits mega-investor home purchases. Will that make homes cheaper for Americans?Jul 12, 2026After years of backlash against Wall Street landlords, the federal government is taking its first step to limit large investors’ ownership of single-family homes.","",{},2026-08-06 00:53:19.909658,"{homes,new,law,limits,mega,investor,home,purchases,will,make}"
119,CNN Business,Courtesy Seattle Social Housing Developer,"",{},2026-08-06 00:53:19.909658,"{courtesy,seattle,social,housing,developer}"
120,CNN Business,"Seattle’s solution for the middle-class housing squeeze: government housingJul 1, 2026The eight-story, 150-unit Elara at the Market looks like just another sleek apartment building in Seattle’s trendy Belltown neighborhood.","",{},2026-08-06 00:53:19.909658,"{seattle,solution,middle,class,housing,squeeze,government,housingjul,eight,story}"
121,CNN Business,Analysis: David Ellison says he won’t bend CNN to his views,"",{},2026-08-06 00:53:19.909658,"{analysis,david,ellison,says,won,bend,cnn,his,views}"
122,CNN Business,McDonald’s sales in the US are slowing after deal fatigue,"",{},2026-08-06 00:53:19.909658,"{mcdonald,sales,slowing,after,deal,fatigue}"
123,CNN Business,America’s labor market is beginning to find its footing again,"",{},2026-08-06 00:53:19.909658,"{america,labor,market,beginning,find,footing,again}"
